{"cameraMode":{"drawMode":0,"name":"Shaded","section":"Shading Mode"},"sceneLighting":true,"audioPlay":false,"sceneViewState":{"m_AlwaysRefresh":false,"showFog":true,"showSkybox":true,"showFlares":true,"showImageEffects":true,"showParticleSystems":true,"showVisualEffectGraphs":true,"m_FxEnabled":true},"in2DMode":false,"pivot":{"x":-0.38443422317504885,"y":1.0551729202270508,"z":-7.969112396240234},"rotation":{"x":0.10923583060503006,"y":-0.08042998611927033,"z":0.008854578249156475,"w":0.9907482266426086},"size":19.9010066986084,"orthographic":true}